"url","agent","status","title","canonical","language","body_characters","og_image","schema_types","evidence"
"https://esnads.net","crawler","200","مركز إسناد للدراسات والأبحاث","https://esnads.net","ar","4596","","CollectionPage","responses/28745bfc58e54217.txt"
"https://esnads.net/library","crawler","200","المكتبة البحثية | إسناد","https://esnads.net/library","ar","12169","","CollectionPage","responses/c7279a7ceda430b2.txt"
"https://esnads.net/en","crawler","200","Esnad Center for Studies and Research | إسناد","https://esnads.net/en","en","4694","","CollectionPage","responses/46f82246f5bbadd2.txt"
"https://esnads.net/en/library","crawler","200","Research library | إسناد","https://esnads.net/en/library","en","12276","","CollectionPage","responses/204a1f73240cb779.txt"
"https://esnads.net/books","crawler","200","الكتب | إسناد","https://esnads.net/books","ar","147","","CollectionPage","responses/72bdea6f249eff0a.txt"
"https://esnads.net/en/books","crawler","200","Books | إسناد","https://esnads.net/en/books","en","149","","CollectionPage","responses/1962d48e4d63e041.txt"
"https://esnads.net/about","crawler","200","مركز إسناد للدراسات والأبحاث","https://esnads.net","ar","0","","","responses/b64ef1ae79812988.txt"
"https://esnads.net/en/about","crawler","200","مركز إسناد للدراسات والأبحاث","https://esnads.net","ar","0","","","responses/229469d8487fdad9.txt"
"https://esnads.net/contact","crawler","200","مركز إسناد للدراسات والأبحاث","https://esnads.net","ar","0","","","responses/4ec0e048defa97f3.txt"
"https://esnads.net/en/contact","crawler","200","مركز إسناد للدراسات والأبحاث","https://esnads.net","ar","0","","","responses/021c2475af0958cc.txt"
"https://esnads.net/llms.txt","crawler","200","","","","0","","","responses/fe6bcb01750667e3.txt"
"https://esnads.net/articles","crawler","200","المقالات | إسناد","https://esnads.net/articles","ar","5013","","CollectionPage","responses/be75f0ef5b0959bb.txt"
"https://esnads.net/en/articles","crawler","200","Articles | إسناد","https://esnads.net/en/articles","en","5072","","CollectionPage","responses/61c6cace811c5939.txt"
"https://esnads.net/library/5143394","crawler","200","إن ما يجري في لبنان وإيران وغزة والداخل الإسرائيلي ليس ملفات منفصلة، بل دوائر ضغط تلتقي عند نقطة واحدة: هل تستطيع إسرائي | إسناد","https://esnads.net/library/5143394","ar","30631","https://res.cloudinary.com/di3atf0hx/image/upload/f_auto,q_auto,w_1200,h_675,c_fill,g_auto/v1779787343/esnad/vntloapjlt3rgx0uyfua.jpg","Article","responses/91c7e5bcd921239b.txt"
"https://esnads.net/en/library/5143394","crawler","200","إن ما يجري في لبنان وإيران وغزة والداخل الإسرائيلي ليس ملفات منفصلة، بل دوائر ضغط تلتقي عند نقطة واحدة: هل تستطيع إسرائي | إسناد","https://esnads.net/en/library/5143394","en","30631","https://res.cloudinary.com/di3atf0hx/image/upload/f_auto,q_auto,w_1200,h_675,c_fill,g_auto/v1779787343/esnad/vntloapjlt3rgx0uyfua.jpg","Article","responses/4a4e6eb0975ccfc6.txt"
"https://esnads.net/library/5267397","crawler","200","بين دفع العدوان وتحريم الاعتداء دراسة شرعية قانونية عقلية في مشروعية الرد على القواعد والتسهيلات العسكرية الأجنبية في البلاد الإسلامية | إسناد","https://esnads.net/library/5267397","ar","41114","https://res.cloudinary.com/di3atf0hx/image/upload/f_auto,q_auto,w_1200,h_675,c_fill,g_auto/v1779365209/esnad/n2hih8lzjervbxoxrjkb.jpg","Article","responses/281ce02ff52ba7ba.txt"
"https://esnads.net/en/library/5267397","crawler","200","بين دفع العدوان وتحريم الاعتداء دراسة شرعية قانونية عقلية في مشروعية الرد على القواعد والتسهيلات العسكرية الأجنبية في البلاد الإسلامية | إسناد","https://esnads.net/en/library/5267397","en","41114","https://res.cloudinary.com/di3atf0hx/image/upload/f_auto,q_auto,w_1200,h_675,c_fill,g_auto/v1779365209/esnad/n2hih8lzjervbxoxrjkb.jpg","Article","responses/8551039df9b83f85.txt"
"https://esnads.net/library/2630263","crawler","200","الملف القانوني الدولي الموحّد الجرائم المرتكبة في جنوب لبنان ملف الإثبات والتكييف القانوني والمسارات القضائية أمام محكمة العدل الدولية والمحكمة الجنائية الدولية | إسناد","https://esnads.net/library/2630263","ar","67410","","Article","responses/6870ef35df49e4f1.txt"
"https://esnads.net/library/6892149","crawler","200","اختطاف الهطول بين الوهم والحقيقة: دراسة أكاديمية في التدخل البشري عبر الوسائط الفيزيائية والتقنية في السحب وإعادة تشكيل التوزيع المكاني للمطر | إسناد","https://esnads.net/library/6892149","ar","36841","https://res.cloudinary.com/di3atf0hx/image/upload/f_auto,q_auto,w_1200,h_675,c_fill,g_auto/v1777456016/esnad/warbe1bt97wc6jrtle5b.png","Article","responses/fe1b623c6f9329eb.txt"
"https://esnads.net/en/library/6892149","crawler","200","اختطاف الهطول بين الوهم والحقيقة دراسة أكاديمية في التدخل البشري عبر الوسائط الفيزيائية والتقنية في السحب وإعادة تشكيل التوزيع المكاني للمطر | إسناد","https://esnads.net/en/library/6892149","en","36836","https://res.cloudinary.com/di3atf0hx/image/upload/f_auto,q_auto,w_1200,h_675,c_fill,g_auto/v1777456016/esnad/warbe1bt97wc6jrtle5b.png","Article","responses/f89f1b85b3cf5e09.txt"
"https://esnads.net/library/9893292","crawler","200","الشباك لن تنقذهم.. &quot;الموت بالألياف&quot; يتسلل من لبنان | إسناد","https://esnads.net/library/9893292","ar","2051","https://res.cloudinary.com/di3atf0hx/image/upload/f_auto,q_auto,w_1200,h_675,c_fill,g_auto/v1777724529/esnad/cspold0btue4iafvj4ax.png","Article","responses/5ae82baee98ef7fb.txt"
"https://esnads.net/en/library/2630263","crawler","200","الملف القانوني الدولي الموحّد الجرائم المرتكبة في جنوب لبنان ملف الإثبات والتكييف القانوني والمسارات القضائية أمام محكمة العدل الدولية والمحكمة الجنائية الدولية | إسناد","https://esnads.net/en/library/2630263","en","67410","","Article","responses/cecc2825c2d90452.txt"
"https://esnads.net/en/library/9893292","crawler","200","الشباك لن تنقذهم.. &quot;الموت بالألياف&quot; يتسلل من لبنان وأوكرانيا | إسناد","https://esnads.net/en/library/9893292","en","2063","https://res.cloudinary.com/di3atf0hx/image/upload/f_auto,q_auto,w_1200,h_675,c_fill,g_auto/v1777724529/esnad/cspold0btue4iafvj4ax.png","Article","responses/3215d516bbfec624.txt"
"https://esnads.net/library/3395983","crawler","200","السلطة التي ضيّعت لبنان | إسناد","https://esnads.net/library/3395983","ar","6345","","Article","responses/a82eeea24294e596.txt"
"https://esnads.net/en/library/3395983","crawler","200","السلطة التي ضيّعت لبنان | إسناد","https://esnads.net/en/library/3395983","en","6345","","Article","responses/cbe043f89bd255d9.txt"
"https://esnads.net/library/2663958","crawler","200","نموذج خامنئي في القيادة: بين الشرعية الدينية والحوكمة الرشيقة | إسناد","https://esnads.net/library/2663958","ar","6831","https://res.cloudinary.com/di3atf0hx/image/upload/f_auto,q_auto,w_1200,h_675,c_fill,g_auto/v1779444366/esnad/mpeo4nkeotu6japswmx1.jpg","Article","responses/adc48668315ecb26.txt"
"https://esnads.net/en/library/2663958","crawler","200","نموذج خامنئي في القيادة: بين الشرعية الدينية والحوكمة الرشيقة | إسناد","https://esnads.net/en/library/2663958","en","6831","https://res.cloudinary.com/di3atf0hx/image/upload/f_auto,q_auto,w_1200,h_675,c_fill,g_auto/v1779444366/esnad/mpeo4nkeotu6japswmx1.jpg","Article","responses/eff091c0589a835f.txt"
"https://esnads.net/library/8541485","crawler","200","بين انتصار آب 2006 وصمود آب 2026: قراءة في خطاب الشيخ نعيم قاسم ومعادلات المرحلة المقبلة | إسناد","https://esnads.net/library/8541485","ar","5655","https://res.cloudinary.com/di3atf0hx/image/upload/f_auto,q_auto,w_1200,h_675,c_fill,g_auto/v1786960408/esnad/yk8zu0rzr5o3r17azkqw.jpg","Article","responses/04ef791b0ed15bdc.txt"
"https://esnads.net/en/library/8541485","crawler","200","بين انتصار آب 2006 وصمود آب 2026: قراءة في خطاب الشيخ نعيم قاسم ومعادلات المرحلة المقبلة | إسناد","https://esnads.net/en/library/8541485","en","5655","https://res.cloudinary.com/di3atf0hx/image/upload/f_auto,q_auto,w_1200,h_675,c_fill,g_auto/v1786960408/esnad/yk8zu0rzr5o3r17azkqw.jpg","Article","responses/2cf9440b2a595665.txt"
"https://esnads.net/library/1926718","crawler","200","هل ولجت السلطة اللبنانية باب الشبهة الكبرى؟ | إسناد","https://esnads.net/library/1926718","ar","5204","","Article","responses/08e70eb54b6f0b27.txt"
"https://esnads.net/library/3697624","crawler","200","الاتفاقيّات الإبراهيميّة بين خطاب التّعايش ومشاريع الهيمنة دراسة نقديّة في توظيف الدّين والسياسة في إعادة تشكيل الشّرق الأوسط | إسناد","https://esnads.net/library/3697624","ar","31891","","Article","responses/3265326704c6d1a8.txt"
"https://esnads.net/en/library/1926718","crawler","200","هل ولجت السلطة اللبنانية باب الشبهة الكبرى؟ | إسناد","https://esnads.net/en/library/1926718","en","5204","","Article","responses/c2cf21bbdfccee5f.txt"
"https://esnads.net/library/9534802","crawler","200","حين يغدو الوفاء لفلسطين حراسةً للبنان قراءة في خطاب محمد رعد ومخاطبة الوجدان | إسناد","https://esnads.net/library/9534802","ar","9931","https://res.cloudinary.com/di3atf0hx/image/upload/f_auto,q_auto,w_1200,h_675,c_fill,g_auto/v1779620674/esnad/vb7gch4tazz9a5rwtz4y.png","Article","responses/2498afe95f6f6864.txt"
"https://esnads.net/en/library/9534802","crawler","200","حين يغدو الوفاء لفلسطين حراسةً للبنان قراءة في خطاب محمد رعد ومخاطبة الوجدان | إسناد","https://esnads.net/en/library/9534802","en","9931","https://res.cloudinary.com/di3atf0hx/image/upload/f_auto,q_auto,w_1200,h_675,c_fill,g_auto/v1779620674/esnad/vb7gch4tazz9a5rwtz4y.png","Article","responses/1e77e4426d2644d8.txt"
"https://esnads.net/en/library/3697624","crawler","200","الاتفاقيّات الإبراهيميّة بين خطاب التّعايش ومشاريع الهيمنة دراسة نقديّة في توظيف الدّين والسياسة في إعادة تشكيل الشّرق الأوسط | إسناد","https://esnads.net/en/library/3697624","en","31891","","Article","responses/5db69e1ce2892387.txt"
"https://esnads.net/library/1306259","crawler","200","الجيش الإسرائيلي يستهلك الموازنة: من يدفع ثمن الحرب؟ من أزمة تمويل المؤسسة العسكرية إلى أزمة بنيوية في الاقتصاد والسياسة والمجتمع | إسناد","https://esnads.net/library/1306259","ar","38405","https://res.cloudinary.com/di3atf0hx/image/upload/f_auto,q_auto,w_1200,h_675,c_fill,g_auto/v1790078668/esnad/nbrrrcph4kgxezi4vpkb.jpg","Article","responses/04d0a9286bfbc49b.txt"
"https://esnads.net/en/library/1306259","crawler","200","الجيش الإسرائيلي يستهلك الموازنة: من يدفع ثمن الحرب؟ من أزمة تمويل المؤسسة العسكرية إلى أزمة بنيوية في الاقتصاد والسياسة والمجتمع | إسناد","https://esnads.net/en/library/1306259","en","38405","https://res.cloudinary.com/di3atf0hx/image/upload/f_auto,q_auto,w_1200,h_675,c_fill,g_auto/v1790078668/esnad/nbrrrcph4kgxezi4vpkb.jpg","Article","responses/d9f93a1405aaaf46.txt"
"https://esnads.net/library/5556057","crawler","200","تسليم السلاح بين النقل والعقل | إسناد","https://esnads.net/library/5556057","ar","5217","","Article","responses/5c28446b1160b4a6.txt"
"https://esnads.net/en/library/5556057","crawler","200","تسليم السلاح بين النقل والعقل | إسناد","https://esnads.net/en/library/5556057","en","5214","","Article","responses/6e0e43aab5f60418.txt"
"https://esnads.net/library/9928005","crawler","200","بين المصالحة اللاهوتية والنقد السياسي موقف الكنيسة الكاثوليكية من اليهودية والصهيونية ودولة إسرائيل | إسناد","https://esnads.net/library/9928005","ar","11291","","Article","responses/c56557cde827879e.txt"
"https://esnads.net/en/library/9928005","crawler","200","بين المصالحة اللاهوتية والنقد السياسي موقف الكنيسة الكاثوليكية من اليهودية والصهيونية ودولة إسرائيل | إسناد","https://esnads.net/en/library/9928005","en","11291","","Article","responses/81ffb9ce48aa594d.txt"
"https://esnads.net/library/8044958","crawler","200","دم امال خليل يفضح كذبة الهدنة ويعري نفاق السلطة | إسناد","https://esnads.net/library/8044958","ar","5072","https://res.cloudinary.com/di3atf0hx/image/upload/f_auto,q_auto,w_1200,h_675,c_fill,g_auto/v1777459358/esnad/mmckjqbaciijo4p16cmu.png","Article","responses/da4cc38642b4c966.txt"
"https://esnads.net/en/library/8044958","crawler","200","دم امال خليل يفضح كذبة الهدنة ويعري نفاق السلطة | إسناد","https://esnads.net/en/library/8044958","en","5066","https://res.cloudinary.com/di3atf0hx/image/upload/f_auto,q_auto,w_1200,h_675,c_fill,g_auto/v1777459358/esnad/mmckjqbaciijo4p16cmu.png","Article","responses/89f9ca57ab8acc12.txt"
"https://esnads.net/library/5171944","crawler","200","سعدون حمادة... المؤرخ المقاوم الذي صحّح تاريخ لبنان | إسناد","https://esnads.net/library/5171944","ar","6931","","Article","responses/ad2b741fe089f68e.txt"
"https://esnads.net/en/library/9547512","crawler","200","قطر تغادر مقعد الوسيط في اليمن: وتخندق «الجزيرة» في المعسكر السعودي | إسناد","https://esnads.net/en/library/9547512","en","4603","https://res.cloudinary.com/di3atf0hx/image/upload/f_auto,q_auto,w_1200,h_675,c_fill,g_auto/v1790080853/esnad/m8bvupmziyi163mjjofe.jpg","Article","responses/816a5dcbefbf79e6.txt"
"https://esnads.net/en/library/5171944","crawler","200","سعدون حمادة... المؤرخ المقاوم الذي صحّح تاريخ لبنان | إسناد","https://esnads.net/en/library/5171944","en","6931","","Article","responses/d332f3cba05c3610.txt"
"https://esnads.net/library/9547512","crawler","200","قطر تغادر مقعد الوسيط في اليمن: وتخندق «الجزيرة» في المعسكر السعودي | إسناد","https://esnads.net/library/9547512","ar","4603","https://res.cloudinary.com/di3atf0hx/image/upload/f_auto,q_auto,w_1200,h_675,c_fill,g_auto/v1790080853/esnad/m8bvupmziyi163mjjofe.jpg","Article","responses/f04e9969bda4881c.txt"
"https://esnads.net/library/4297835","crawler","200","عن اليمين الإسرائيلي واليمين اللبناني وقاموس الحرب الأهلية | إسناد","https://esnads.net/library/4297835","ar","5977","https://res.cloudinary.com/di3atf0hx/image/upload/f_auto,q_auto,w_1200,h_675,c_fill,g_auto/v1779444998/esnad/teh60dnp3ao4elxbmoqf.jpg","Article","responses/30652fd3182d965e.txt"
"https://esnads.net/en/library/4297835","crawler","200","عن اليمين الإسرائيلي واليمين اللبناني وقاموس الحرب الأهلية | إسناد","https://esnads.net/en/library/4297835","en","5974","https://res.cloudinary.com/di3atf0hx/image/upload/f_auto,q_auto,w_1200,h_675,c_fill,g_auto/v1779444998/esnad/teh60dnp3ao4elxbmoqf.jpg","Article","responses/ac1e59962a42347c.txt"
"https://esnads.net/library/3001546","crawler","200","إيران وإسرائيل ما بعد الحرب: صراع ترميم الجبهة الداخلية ومعركة التعويضات | إسناد","https://esnads.net/library/3001546","ar","5797","","Article","responses/5d909a526f03dc12.txt"
"https://esnads.net/en/library/3001546","crawler","200","إيران وإسرائيل ما بعد الحرب: صراع ترميم الجبهة الداخلية ومعركة التعويضات | إسناد","https://esnads.net/en/library/3001546","en","5794","","Article","responses/4476fa1b68adfeec.txt"
"https://esnads.net/library/7193246","crawler","200","شهادة قائد سنتكوم أمام الكونغرس ومسؤولية الشركاء الإقليميين في الحرب على إيران - دول الخليج والأردن بين الاشتراك الوظيفي، سقوط الحياد، وجبر الضرر | إسناد","https://esnads.net/library/7193246","ar","37423","https://res.cloudinary.com/di3atf0hx/image/upload/f_auto,q_auto,w_1200,h_675,c_fill,g_auto/v1780065118/esnad/da6ebxqeotpcz7ewg9ys.webp","Article","responses/db3f7957a14fbbb2.txt"
"https://esnads.net/en/library/7193246","crawler","200","شهادة قائد سنتكوم أمام الكونغرس ومسؤولية الشركاء الإقليميين في الحرب على إيران - دول الخليج والأردن بين الاشتراك الوظيفي، سقوط الحياد، وجبر الضرر | إسناد","https://esnads.net/en/library/7193246","en","37423","https://res.cloudinary.com/di3atf0hx/image/upload/f_auto,q_auto,w_1200,h_675,c_fill,g_auto/v1780065118/esnad/da6ebxqeotpcz7ewg9ys.webp","Article","responses/f34a2769503135e7.txt"
"https://esnads.net/library/3064572","crawler","200","ترامب وسيكولوجيا الكذب السلطوي / النرجسية السياسية، الهيمنة، وصناعة الحقيقة البديلة | إسناد","https://esnads.net/library/3064572","ar","18852","","Article","responses/f551207cdc8e51ef.txt"
"https://esnads.net/en/library/3064572","crawler","200","ترامب وسيكولوجيا الكذب السلطوي النرجسية السياسية، الهيمنة، وصناعة الحقيقة البديلة | إسناد","https://esnads.net/en/library/3064572","en","18850","","Article","responses/7adfb5231f6fde24.txt"
"https://esnads.net/library/7230859","crawler","200","الرماة الماهرون: حين يحوّل المقاوم الأداة الصغيرة إلى سلاح استراتيجي، دراسة في دور مشغّلي مسيّرات FPV في تغيير معادلات الحرب على جبهة لبنان | إسناد","https://esnads.net/library/7230859","ar","58144","https://res.cloudinary.com/di3atf0hx/image/upload/f_auto,q_auto,w_1200,h_675,c_fill,g_auto/v1777455927/esnad/tpj4nqp1j0g2r0tbnbmp.png","Article","responses/73e7461e854dda0d.txt"
"https://esnads.net/library/4280300","crawler","200","احتمالات التدخّل السوري في لبنان: تحليل جيوسياسي لمعادلة القدرة والمصلحة والكلفة في سياق الضغوط الأميركية والحرب بالوكالة | إسناد","https://esnads.net/library/4280300","ar","35442","https://res.cloudinary.com/di3atf0hx/image/upload/f_auto,q_auto,w_1200,h_675,c_fill,g_auto/v1784887460/esnad/m2pcxjtz6bfj150wyoe1.png","Article","responses/07d6ffd4dd1e9f4c.txt"
"https://esnads.net/library/4070119","crawler","200","إسرائيل: تآكل «عقيدة الحسم» وأزمة «الجيش الصغير» دراسة استشرافية في مآلات الأمن القومي الإسرائيلي منذ ٧ تشرين الأول/أكتوبر ٢٠٢٣ حتى أفق ٢٠٢٦ | إسناد","https://esnads.net/library/4070119","ar","35305","https://res.cloudinary.com/di3atf0hx/image/upload/f_auto,q_auto,w_1200,h_675,c_fill,g_auto/v1780338323/esnad/cp9o5g0g8eiighfo9b9k.png","Article","responses/8746469830a1edf9.txt"
"https://esnads.net/en/library/7230859","crawler","200","الرماة الماهرون: حين يحوّل المقاوم الأداة الصغيرة إلى سلاح استراتيجي، دراسة في دور مشغّلي مسيّرات FPV في تغيير معادلات الحرب على جبهة لبنان | إسناد","https://esnads.net/en/library/7230859","en","58138","https://res.cloudinary.com/di3atf0hx/image/upload/f_auto,q_auto,w_1200,h_675,c_fill,g_auto/v1777455927/esnad/tpj4nqp1j0g2r0tbnbmp.png","Article","responses/ab544b242d7efd1d.txt"
"https://esnads.net/en/library/4280300","crawler","200","احتمال دخول سوريا إلى لبنان دراسة جيوسياسية في حدود القوة والعقلانية الاستراتيجية من ضغط الحدود إلى خطر الحرب بالوكالة تقدير موقف موثق حتى 21 تموز/يوليو 2026 | إسناد","https://esnads.net/en/library/4280300","en","35478","https://res.cloudinary.com/di3atf0hx/image/upload/f_auto,q_auto,w_1200,h_675,c_fill,g_auto/v1784887460/esnad/m2pcxjtz6bfj150wyoe1.png","Article","responses/d07bf7c258aee35b.txt"
"https://esnads.net/en/library/4070119","crawler","200","إسرائيل: تآكل «عقيدة الحسم» وأزمة «الجيش الصغير» دراسة استشرافية في مآلات الأمن القومي الإسرائيلي منذ ٧ تشرين الأول/أكتوبر ٢٠٢٣ حتى أفق ٢٠٢٦ | إسناد","https://esnads.net/en/library/4070119","en","35305","https://res.cloudinary.com/di3atf0hx/image/upload/f_auto,q_auto,w_1200,h_675,c_fill,g_auto/v1780338323/esnad/cp9o5g0g8eiighfo9b9k.png","Article","responses/afe819b5a9b43e40.txt"
"https://esnads.net/library/3440399","crawler","200","من غسان سركيس إلى راشيل كرم: لبنان لا يصافح قاتله | إسناد","https://esnads.net/library/3440399","ar","5807","https://res.cloudinary.com/di3atf0hx/image/upload/f_auto,q_auto,w_1200,h_675,c_fill,g_auto/v1777461873/esnad/xkbeldixp8el8awkyvwy.png","Article","responses/d2fcc36f2849f9fe.txt"
"https://esnads.net/en/library/3440399","crawler","200","من غسان سركيس إلى راشيل كرم: لبنان لا يصافح قاتله | إسناد","https://esnads.net/en/library/3440399","en","5801","https://res.cloudinary.com/di3atf0hx/image/upload/f_auto,q_auto,w_1200,h_675,c_fill,g_auto/v1777461873/esnad/xkbeldixp8el8awkyvwy.png","Article","responses/d1a0b941622215b5.txt"
"https://esnads.net/library/1912143","crawler","200","هل تضع طهران لبنان في قائمة «الحكومات المعادية»؟ | إسناد","https://esnads.net/library/1912143","ar","2755","","Article","responses/d28999f03e3ba5e4.txt"
"https://esnads.net/en/library/1912143","crawler","200","هل تضع طهران لبنان في قائمة «الحكومات المعادية»؟ | إسناد","https://esnads.net/en/library/1912143","en","2752","","Article","responses/4bcd43abfa8cd729.txt"
"https://esnads.net/library/8629683","crawler","200","الإحباط يلفّ إسرائيل،وإيران تكرّس مبدأ وحدة الساحات فعلياً | إسناد","https://esnads.net/library/8629683","ar","5181","https://res.cloudinary.com/di3atf0hx/image/upload/f_auto,q_auto,w_1200,h_675,c_fill,g_auto/v1780946008/esnad/pcfz6s6ryp10utsaoitc.png","Article","responses/9dd8ada3ff460130.txt"
"https://esnads.net/en/library/8629683","crawler","200","الإحباط يلفّ إسرائيل: وإيران تكرّس مبدأ وحدة الساحات فعلياً | إسناد","https://esnads.net/en/library/8629683","en","5184","https://res.cloudinary.com/di3atf0hx/image/upload/f_auto,q_auto,w_1200,h_675,c_fill,g_auto/v1780946008/esnad/pcfz6s6ryp10utsaoitc.png","Article","responses/a217768e22cd82d7.txt"
"https://esnads.net/library/8806359","crawler","200","تشييع الإمام علي الخامنئي بين الإرث الكربلائي والنظريات الحديثة قراءة في الدلالات والتحولات والمآلات | إسناد","https://esnads.net/library/8806359","ar","33151","","Article","responses/42c4c762b2768da4.txt"
"https://esnads.net/en/library/8806359","crawler","200","تشييع الإمام علي الخامنئي بين الإرث الكربلائي والنظريات الحديثة قراءة في الدلالات والتحولات والمآلات | إسناد","https://esnads.net/en/library/8806359","en","33151","","Article","responses/9226333f3c7c963a.txt"
"https://esnads.net/library/5441862","crawler","200","نحو تجريم الصمت وكسر الهيمنة: «المجلس العالمي» يدعو للمواجهة الشاملة | إسناد","https://esnads.net/library/5441862","ar","5553","","Article","responses/abcd516a70aca533.txt"
"https://esnads.net/en/library/5441862","crawler","200","نحو تجريم الصمت وكسر الهيمنة: «المجلس العالمي» يدعو للمواجهة الشاملة | إسناد","https://esnads.net/en/library/5441862","en","5553","","Article","responses/19bc1b910d14c906.txt"
"https://esnads.net/library/8960095","crawler","200","الإنسان والقيم في خطاب السيد حسن نصر الله قراءة تحليلية في جدلية سلطة القيم وإغراء المنفعة | إسناد","https://esnads.net/library/8960095","ar","45362","","Article","responses/c48de7989fbbda56.txt"
"https://esnads.net/en/library/8960095","crawler","200","الإنسان والقيم في خطاب السيد حسن نصر الله قراءة تحليلية في جدلية سلطة القيم وإغراء المنفعة | إسناد","https://esnads.net/en/library/8960095","en","45362","","Article","responses/c7dea7b666a52d34.txt"
"https://esnads.net/library/9955621","crawler","200","ستار لينك في العراق بعد زيارة واشنطن: خدمة مدنية أم بنية اتصالات لمرحلة إقليمية جديدة؟ قراءة نقدية في توقيت التشغيل، وغموض الاتفاقيات، واحتمالات الاستخدام الأمني والعسكري | إسناد","https://esnads.net/library/9955621","ar","10525","","Article","responses/05b66e0b55661432.txt"
"https://esnads.net/library/2728521","crawler","200","الحج وإعادة تشكيل الوعي السياسي الإسلامي تحليل خطاب السيد مجتبى الحسيني الخامنئي بمناسبة موسم الحج ١٤٤٧هـ في ضوء نظريات الخطاب والهوية والمقاومة | إسناد","https://esnads.net/library/2728521","ar","27932","https://res.cloudinary.com/di3atf0hx/image/upload/f_auto,q_auto,w_1200,h_675,c_fill,g_auto/v1779890994/esnad/v2ztvesownvwksfckrll.png","Article","responses/4778ab9df002c29b.txt"
"https://esnads.net/en/library/9955621","crawler","200","ستار لينك في العراق بعد زيارة واشنطن: خدمة مدنية أم بنية اتصالات لمرحلة إقليمية جديدة؟ قراءة نقدية في توقيت التشغيل، وغموض الاتفاقيات، واحتمالات الاستخدام الأمني والعسكري | إسناد","https://esnads.net/en/library/9955621","en","10525","","Article","responses/a12f5b6fab778a3d.txt"
"https://esnads.net/library/8866951","crawler","200","الامتحان الموحد في ظروف تعليمية غير متكافئة عدالة التقييم وصدق الاختبار في ظل الحرب والنزوح والانقطاع التعليمي | إسناد","https://esnads.net/library/8866951","ar","31640","https://res.cloudinary.com/di3atf0hx/image/upload/f_auto,q_auto,w_1200,h_675,c_fill,g_auto/v1781528492/esnad/hypky6f1if1srwfg3wfa.jpg","Article","responses/eaa8de4ab3830715.txt"
"https://esnads.net/en/library/2728521","crawler","200","الحج وإعادة تشكيل الوعي السياسي الإسلامي تحليل خطاب السيد مجتبى الحسيني الخامنئي بمناسبة موسم الحج ١٤٤٧هـ في ضوء نظريات الخطاب والهوية والمقاومة | إسناد","https://esnads.net/en/library/2728521","en","27932","https://res.cloudinary.com/di3atf0hx/image/upload/f_auto,q_auto,w_1200,h_675,c_fill,g_auto/v1779890994/esnad/v2ztvesownvwksfckrll.png","Article","responses/1d136bd1d97cfa65.txt"
"https://esnads.net/en/library/8866951","crawler","200","الامتحان الموحد في ظروف تعليمية غير متكافئة عدالة التقييم وصدق الاختبار في ظل الحرب والنزوح والانقطاع التعليمي | إسناد","https://esnads.net/en/library/8866951","en","31640","https://res.cloudinary.com/di3atf0hx/image/upload/f_auto,q_auto,w_1200,h_675,c_fill,g_auto/v1781528492/esnad/hypky6f1if1srwfg3wfa.jpg","Article","responses/74e66deed067b241.txt"
"https://esnads.net/robots.txt","crawler","200","","","","0","","","responses/7b4186296efea50d.txt"
"https://esnads.net/seo-audit-missing-20260926","crawler","200","مركز إسناد للدراسات والأبحاث","https://esnads.net","ar","0","","","responses/9b723efb05c2b20a.txt"
"https://esnads.net/library/1532792","crawler","200","الخيانة القيادية المدركة وتآكل الثقة في سياق حرب ممتدة دراسة تفسيرية أولية للمغادرة الجماعية في كتيبة «تسابر» في ضوء نظرية جوناثان شاي | إسناد","https://esnads.net/library/1532792","ar","48266","","Article","responses/e73cea9f0b9cdd32.txt"
"https://esnads.net/en/library/1532792","crawler","200","الخيانة القيادية المدركة وتآكل الثقة في سياق حرب ممتدة دراسة تفسيرية أولية للمغادرة الجماعية في كتيبة «تسابر» في ضوء نظرية جوناثان شاي | إسناد","https://esnads.net/en/library/1532792","en","48266","","Article","responses/48ab381b5aac97c1.txt"
"https://esnads.net/library/999999999999","crawler","200","مركز إسناد للدراسات والأبحاث","https://esnads.net/library/999999999999","ar","90","","","responses/f3a72a623526f734.txt"
"https://esnads.net/reader/9547512","crawler","200","مركز إسناد للدراسات والأبحاث","https://esnads.net","ar","0","","","responses/e9fc56bc7c824ab2.txt"
"https://esnads.net/en/reader/9547512","crawler","200","مركز إسناد للدراسات والأبحاث","https://esnads.net","ar","0","","","responses/47bd9a397ad287ce.txt"
"https://esnads.net/login","crawler","200","مركز إسناد للدراسات والأبحاث","https://esnads.net","ar","0","","","responses/65cf9eaa8ae9ca75.txt"
"https://esnads.net/en/login","crawler","200","مركز إسناد للدراسات والأبحاث","https://esnads.net","ar","0","","","responses/796806804f0e4354.txt"
"https://esnads.net/library?q=seo-audit","crawler","200","المكتبة البحثية | إسناد","https://esnads.net/library","ar","12169","","CollectionPage","responses/aec617f9853f324c.txt"
"https://esnads.net/books/9547512","crawler","200","قطر تغادر مقعد الوسيط في اليمن: وتخندق «الجزيرة» في المعسكر السعودي | إسناد","https://esnads.net/books/9547512","ar","4603","https://res.cloudinary.com/di3atf0hx/image/upload/f_auto,q_auto,w_1200,h_675,c_fill,g_auto/v1790080853/esnad/m8bvupmziyi163mjjofe.jpg","Article","responses/e2e7217f5ff4a48d.txt"
"https://esnads.net/stories/9547512","crawler","200","مركز إسناد للدراسات والأبحاث","https://esnads.net","ar","0","","","responses/50e9c7802c629a3b.txt"
"https://esnads.net/","browser","200","مركز إسناد للدراسات والأبحاث","https://esnads.net","ar","0","","","responses/279948dd8cfb6831.txt"
"https://esnads.net/en","browser","200","مركز إسناد للدراسات والأبحاث","https://esnads.net","ar","0","","","responses/b598ec47d1997ebf.txt"
"https://esnads.net/library","browser","200","مركز إسناد للدراسات والأبحاث","https://esnads.net","ar","0","","","responses/9d63a71a393551c4.txt"
"https://esnads.net/en/library","browser","200","مركز إسناد للدراسات والأبحاث","https://esnads.net","ar","0","","","responses/438a97638f7fe9d2.txt"
"https://esnads.net/about","browser","200","مركز إسناد للدراسات والأبحاث","https://esnads.net","ar","0","","","responses/48d056745fff8316.txt"
"https://esnads.net/en/about","browser","200","مركز إسناد للدراسات والأبحاث","https://esnads.net","ar","0","","","responses/9458dc29792f04ff.txt"
"https://esnads.net/library/9547512","browser","200","مركز إسناد للدراسات والأبحاث","https://esnads.net","ar","0","","","responses/811ff2e10133d272.txt"
"https://esnads.net/en/library/9547512","browser","200","مركز إسناد للدراسات والأبحاث","https://esnads.net","ar","0","","","responses/c3c62316a5505768.txt"
"https://esnads.net/books/9547512","browser","200","مركز إسناد للدراسات والأبحاث","https://esnads.net","ar","0","","","responses/85165c89f1adabb3.txt"
"https://esnads.net/library/999999999999","browser","200","مركز إسناد للدراسات والأبحاث","https://esnads.net","ar","0","","","responses/61bde951adc376c4.txt"
"https://esnads.net/login","browser","200","مركز إسناد للدراسات والأبحاث","https://esnads.net","ar","0","","","responses/e17e573f3eed03b1.txt"
"https://esnads.net/en/library/999999999999","crawler","200","مركز إسناد للدراسات والأبحاث","https://esnads.net/en/library/999999999999","en","90","","","responses/aacfc87eb4f0d8dc.txt"
"https://esnads.net/library/9547512/","crawler","200","قطر تغادر مقعد الوسيط في اليمن: وتخندق «الجزيرة» في المعسكر السعودي | إسناد","https://esnads.net/library/9547512","ar","4603","https://res.cloudinary.com/di3atf0hx/image/upload/f_auto,q_auto,w_1200,h_675,c_fill,g_auto/v1790080853/esnad/m8bvupmziyi163mjjofe.jpg","Article","responses/377315a7bd4da631.txt"