Date,Clicks,Impressions,CTR,Position
2026-06-30,0,4,0%,6.2
2026-07-01,0,4,0%,5.5
2026-07-02,0,6,0%,6
2026-07-03,0,3,0%,37.3
2026-07-04,0,3,0%,7
2026-07-05,0,5,0%,3
2026-07-06,1,5,20%,29.4
2026-07-07,0,10,0%,7.4
2026-07-08,0,7,0%,5.4
2026-07-09,0,6,0%,6.5
2026-07-10,0,4,0%,5.5
2026-07-11,0,6,0%,19.7
2026-07-12,0,2,0%,3.5
2026-07-13,0,5,0%,9
2026-07-14,1,4,25%,7.5
2026-07-15,0,5,0%,6.2
2026-07-16,0,5,0%,9.4
2026-07-17,0,1,0%,8
2026-07-18,0,21,0%,14.3
2026-07-19,0,13,0%,21.6
2026-07-20,1,8,12.5%,35
2026-07-21,0,13,0%,59.6
2026-07-22,0,6,0%,58
2026-07-23,0,0,,
2026-07-24,2,3,66.67%,28
2026-07-25,1,2,50%,2.5
2026-07-26,0,5,0%,6
2026-07-27,0,0,,
2026-07-28,0,5,0%,6.2
2026-07-29,0,0,,
2026-07-30,0,0,,
2026-07-31,1,6,16.67%,4.3
2026-08-01,0,2,0%,5.5
2026-08-02,0,4,0%,8
2026-08-03,0,10,0%,18.1
2026-08-04,0,10,0%,8.5
2026-08-05,0,15,0%,11.5
2026-08-06,0,7,0%,10.3
2026-08-07,0,5,0%,8.6
2026-08-08,0,7,0%,6.7
2026-08-09,0,10,0%,6.5
2026-08-10,1,9,11.11%,6.7
2026-08-11,0,5,0%,9.6
2026-08-12,0,11,0%,12.6
2026-08-13,0,5,0%,8
2026-08-14,1,7,14.29%,6.6
2026-08-15,0,8,0%,8.1
2026-08-16,1,7,14.29%,5.6
2026-08-17,2,10,20%,12.2
2026-08-18,0,4,0%,4
2026-08-19,0,8,0%,8.2
2026-08-20,0,6,0%,16.5
2026-08-21,0,7,0%,14
2026-08-22,0,6,0%,7.3
2026-08-23,0,5,0%,7
2026-08-24,0,13,0%,7.2
2026-08-25,0,4,0%,7.8
2026-08-26,0,16,0%,9.6
2026-08-27,0,10,0%,11.3
2026-08-28,0,9,0%,12
2026-08-29,2,10,20%,3.6
2026-08-30,0,10,0%,5.4
2026-08-31,0,10,0%,7.7
2026-09-01,0,14,0%,5.3
2026-09-02,0,4,0%,5.2
2026-09-03,0,8,0%,6
2026-09-04,1,8,12.5%,6.6
2026-09-05,0,17,0%,4.7
2026-09-06,0,15,0%,7.3
2026-09-07,1,8,12.5%,16.9
2026-09-08,0,17,0%,6.4
2026-09-09,1,14,7.14%,7.1
2026-09-10,1,11,9.09%,7.6
2026-09-11,0,11,0%,6.1
2026-09-12,0,15,0%,8
2026-09-13,3,11,27.27%,6.6
2026-09-14,0,13,0%,12.4
2026-09-15,0,16,0%,6.3
2026-09-16,1,11,9.09%,7.5
2026-09-17,0,5,0%,8.2
2026-09-18,0,4,0%,5.2
2026-09-19,0,7,0%,6.4
2026-09-20,0,13,0%,6.8
2026-09-21,0,4,0%,8.8
2026-09-22,1,13,7.69%,6.4
2026-09-23,0,9,0%,5
2026-09-24,0,10,0%,5.7
2026-09-25,0,17,0%,10.8
2026-09-26,0,11,0%,9.5
2026-09-27,0,12,0%,7.4
2026-09-28,0,20,0%,5.2
2026-09-29,0,10,0%,5.3