Country,Clicks,Impressions,CTR,Position
Lebanon,10,41,24.39%,7.1
Saudi Arabia,2,100,2%,9.58
France,2,9,22.22%,5.11
United States,1,200,0.5%,15.89
Jordan,1,30,3.33%,9.5
Iraq,1,23,4.35%,6.57
Egypt,1,21,4.76%,13
Yemen,1,18,5.56%,13.94
Morocco,1,16,6.25%,6.19
Palestine,1,13,7.69%,3.62
Canada,1,6,16.67%,7
Iran,1,3,33.33%,19
Syria,0,64,0%,6.05
United Kingdom,0,35,0%,8.4
Netherlands,0,15,0%,5.93
Algeria,0,14,0%,10.36
Germany,0,11,0%,4.18
Sudan,0,11,0%,7.18
United Arab Emirates,0,9,0%,6.56
Australia,0,9,0%,8.33
Brazil,0,8,0%,5.5
Italy,0,7,0%,5.14
Israel,0,6,0%,4.67
Libya,0,6,0%,18
Switzerland,0,5,0%,4.2
Chad,0,5,0%,15.2
Tunisia,0,4,0%,2.75
Bahrain,0,4,0%,8.25
China,0,3,0%,7
Bangladesh,0,3,0%,8.33
Kuwait,0,3,0%,11
Vietnam,0,3,0%,14.67
Argentina,0,3,0%,16
South Korea,0,2,0%,3.5
Colombia,0,2,0%,5.5
Philippines,0,2,0%,5.5
Ethiopia,0,2,0%,6
Lithuania,0,2,0%,6.5
Sweden,0,2,0%,6.5
Hong Kong,0,2,0%,7.5
Turkey,0,2,0%,7.5
Oman,0,2,0%,8.5
Denmark,0,2,0%,9
Qatar,0,2,0%,9.5
Mexico,0,2,0%,11.5
Singapore,0,1,0%,1
Belgium,0,1,0%,2
Georgia,0,1,0%,2
Peru,0,1,0%,2
Spain,0,1,0%,4
Norway,0,1,0%,4
Albania,0,1,0%,5
Costa Rica,0,1,0%,6
Japan,0,1,0%,7
Malaysia,0,1,0%,7
Uganda,0,1,0%,9
Ecuador,0,1,0%,15
India,0,1,0%,34