Top pages,Clicks,Impressions,CTR,Position
https://esnads.net/,10,78,12.82%,9.77
https://esnads.net/about,6,135,4.44%,7.56
https://esnads.net/library/8866951,1,237,0.42%,9.26
https://esnads.net/library/4280300,1,66,1.52%,7.27
https://esnads.net/library/7193246,1,22,4.55%,6.55
https://esnads.net/en/library/5171944,1,19,5.26%,6.11
https://esnads.net/en/library/7230859,1,14,7.14%,26.71
https://esnads.net/library/3697624,1,9,11.11%,10.22
https://esnads.net/articles,1,7,14.29%,2.43
https://esnads.net/library/9928005,0,44,0%,9.07
https://esnads.net/library/2630263,0,29,0%,6.31
https://esnads.net/library,0,24,0%,11.33
https://esnads.net/llms.txt,0,22,0%,8.05
https://esnads.net/library/2728521,0,17,0%,20.53
https://esnads.net/library/5171944,0,12,0%,18
https://esnads.net/library/4070119,0,10,0%,24.9
https://esnads.net/en/library/7193246,0,8,0%,7.38
https://esnads.net/library/7230859,0,7,0%,13.57
https://esnads.net/en/library/mn-ghsn-srkys-la-rshyl-krm-lbnn-l-ysfh-qtlh,0,6,0%,6.83
https://esnads.net/en/library/4070119,0,5,0%,6.8
https://esnads.net/library/3440399,0,5,0%,6.8
https://esnads.net/en/library/5143394,0,5,0%,39.4
https://esnads.net/library/3001546,0,4,0%,9
https://esnads.net/library/5143394,0,4,0%,15
https://esnads.net/library/1926718,0,4,0%,34
https://esnads.net/books,0,3,0%,6.67
https://esnads.net/en/library/8866951,0,3,0%,7.33
https://esnads.net/en/library/3001546,0,3,0%,30.67
https://esnads.net/en/library/9893292,0,3,0%,30.67
https://esnads.net/library/8629683,0,3,0%,32
https://esnads.net/en/library/6892149,0,2,0%,4
https://esnads.net/library/6892149,0,2,0%,4
https://esnads.net/en/library/tslym-lslh-byn-lnql-wlql,0,2,0%,5
https://esnads.net/en/library/2630263,0,2,0%,7
https://esnads.net/library/1532792,0,2,0%,7.5
https://esnads.net/library/3064572,0,2,0%,9.5
https://esnads.net/library/5556057,0,2,0%,11
https://esnads.net/en/library/3440399,0,2,0%,15
https://esnads.net/en/about,0,1,0%,1
https://esnads.net/en/library/hl-ythyr-slwk-lslth-llbnnyh-fy-ltfwd-lmbshr-m-sriyl-shbhh-khynh-dhma-bhq-lbnn,0,1,0%,5
https://esnads.net/contact,0,1,0%,6
https://esnads.net/library/3395983,0,1,0%,8
https://esnads.net/library/trmb-wsykwlwjy-lkdhb-lsltwy-lnrjsyh-lsysyh-lhymnh-wsnh-lhqyqh-lbdylh,0,1,0%,8
https://esnads.net/library/9534802,0,1,0%,10
https://esnads.net/library/4297835,0,1,0%,11
https://esnads.net/library/1912143,0,1,0%,21
https://esnads.net/library/9893292,0,1,0%,22
https://esnads.net/en/contact,0,1,0%,24
https://esnads.net/en/library/4297835,0,1,0%,26
https://esnads.net/en/library/1926718,0,1,0%,27