Top queries,Clicks,Impressions,CTR,Position
مركز اسناد,1,18,5.56%,16.94
"""دقيق الأول""",0,6,0%,16
مركز اسناد الالكتروني,0,5,0%,6.6
"""ياسا طاهر"" تعيين or تكليف or استقالة or ""يغادر"" or خلفاً 
-site:instagram.com -site:facebook.com -site:linkedin.com -site:x.com 
-site:twitter.com -site:tiktok.com -site:youtube.com -site:threads.com 
-site:snapchat.com",0,3,0%,3.67
نعم,0,1,0%,1
رماة ماهرون,0,1,0%,9
مركز إسناد,0,1,0%,11
massimo faggioli,0,1,0%,16
"المجالات التقليدية الموجهة مكانيًا -filetype:pdf -filetype:zip 
-filetype:doc -filetype:xls",0,1,0%,67
الإسناد,0,1,0%,76
الاسناد,0,1,0%,90